text,vague,predicted_vague,Manual Annotation
"The Company gives preference to power from renewable sources and has developed a range of differentiated offerings for residential and business customers.
",generic,ambiguous,
"Process safety events can potentially impact the workforce, the community and the environment.
",ambiguous,notESG,
"To develop NIKE’s chemical prioritization strategy, we consider the health and environmental impacts of the individual chemicals as well as chemistry mixtures used to make our products.
",specific,ambiguous,
"We’re committed to making Uber safer for everyone using the platform .
",generic,notESG,
"These teams also serve a key role in keeping the organization informed relative to progress and roadblocks as they track and report metrics on a regular basis.
",generic,notESG,
"The Scope 1 2 greenhouse gas intensity is below the aver age intensity of their category for new oil and gas projects and reduced for brownfield projects, additional measures to con trol emissions will be needed since the emissions intensity of certain upstream projects increases over time as production declines.
",ambiguous,specific,
"Water is a priority for The Coca Cola Company because it is essential to life, our beverages and the communities we serve.
",specific,generic,
"In 2022, we remained a Best Place to Work by Disability:IN and the Human Rights Campaign based on our top scores earned in their equality and inclusion index reports.
",specific,notESG,
"In 2022, fairlife became our first ever of packages.
",generic,notESG,
"Nutrient use ef ciency is a great indicator that can help reduce environmental impact and maximize pro t.
",ambiguous,generic,
"In 2022, Pfizer’s Global Patient Advocacy Team engaged more than 1,800 global patient advocacy organizations across North America, Europe, Latin America, and Asia through trainings, workshops, and webinars focused on health policy issues, capacity building, patient centricity, and patient education and information.
",specific,notESG,
"Establishing baseline assessments across our globally owned and operated locations will not only aid in legal compliance with local EHS regulatory requirements, but also serve as NIKE’s foundational baseline and complement existing conformance assessments conducted in accordance with NIKE Code Leadership Standards and industry wide Social Labor Convergence Program (SLCP) assessments for certain participating facilities.
",specific,ambiguous,
"ExxonMobil celebrated the 50th anniversary of our focus on supplier diversity in 2021.
",specific,notESG,
"Promote compliance with applicable laws, regulations, internal policies, and best practices.
",generic,notESG,
"In 2021, E P's Bolivian affiliate helped improve and install additional catchment for the water system in the village of Caraparicito.
",notESG,specific,
"This report has been prepared in accordance with the Global Reporting Initiative (GRI) Standards.
",notESG,specific,
"In FY23, we plan to expand the survey to other Thailand facilities employing foreign migrant workers.
",notESG,ambiguous,
"The Company’s multi energy model allows it to provide tailored, integrated technical solu tions.
",ambiguous,notESG,
"Doubled recycled plastic production capacity in France.
",generic,specific,
"This is an ambitious scenario that limits global warming to 1.5 C through stringent climate policies and innovation, reaching Net Zero CO emissions around 2050.
",notESG,generic,
"Includes alignment with human rights due diligence principles in the UN Guiding Principles on Business and Human Rights.
",notESG,specific,
"The safety of our employees is a top priority in the decisions we make.
",generic,notESG,
"Everyone at ExxonMobil plays a role in reducing operational waste.
",notESG,generic,
"The Company and employees also provided Ukrainian dubbed screenings of Disney Animation’s Encanto and Raya and the Last Dragon, Disney and Pixar’s Luca, Ron’s Gone Wrong, and other titles for Ukrainian children and families through community nonprofits.
",ambiguous,notESG,
"Our workplace practices help us to make progress toward attracting, retaining, and developing a workforce that reflects the diverse life experiences of our audiences and guests.
",generic,notESG,
"This service includes compost accessibility to Converse teammates on every floor and the nearby Converse Concept Creation Center (C4) in Charlestown.
",specific,notESG,
"A teammate checks fire safety equipment at Shenzhou’s Worldon apparel factory in Vietnam.
",specific,notESG,
"It’s not about the next crop season, but about ve or ten years ahead.
",ambiguous,generic,
"That’s why, in 2022, we expanded our analysis and prioritization to include watersheds that support our priority ingredient sourcing, in addition to our operating facilities and those necessary for key market growth.
",ambiguous,specific,
"This change accounts for the 2019 variance when compared to previous years.
",ambiguous,notESG,
"ExxonMobil is committed to the prevention and elimination of spills from our operations.
",specific,notESG,
"The factors described below contributed to historical revisions of Scope 1 emissions data.
",ambiguous,specific,
"Goal owners have speci c ownership of the actions driving the steps needed to achieve the Leap Ambitions.
",generic,notESG,
"NGOs, external manufacturing partners and scientists, and based on an operated by the Company and its Franchisees that sell beef.
",generic,ambiguous,
"Water is a shared resource, and we know that the Company’s operations have an impact on local watershed conditions as well as on the health of our oceans.
",generic,ambiguous,
"Our focus on innovation and technology, combined with supportive government policies, can further accelerate large scale deployment of solutions essential to enabling modern life and lowering greenhouse gas emissions.
",ambiguous,generic,
"Couriers Thanks to our experience on the mobility side of the business, we have a headstart on vehicle emissions reduction and recognize that there are further opportunities for Uber’s delivery platform .
",generic,ambiguous,
"These emissions are broken out into Purchased Goods and Services, Business Travel and Employee Commuting.
",ambiguous,specific,
"Booking Holdings made corporate donations to the United Nations High Commissioner for Refugees (UNHCR) in support of their relief efforts to both the humanitarian crisis in Ukraine as well as the devastating floodings in Pakistan.
",notESG,specific,
"Pfizer set out to define patient centricity in 2022, working collaboratively with patient advocates to ensure our definition was inclusive of a diversity of experiences.
",ambiguous,notESG,
"ExxonMobil supports governments’ efforts to meet the SDGs.
",notESG,generic,
"This helps us build operational resilience across the value chain for a future where climate impacts will become more apparent.
",generic,ambiguous,
"We progressively adopt renewable electricity in locations where we have a large load and where marketplace solutions are available.
",ambiguous,specific,
"The Foundation’s Strategic Partners include some of the world’s largest and most influential organizations, with transformative potential to demonstrate what’s possible to accelerate the transition to a circular economy.
",ambiguous,generic,
"Our Advancing Climate Solutions 2023 Progress Report outlines our work toward a lower emission future.
",specific,generic,
"When this is done, the local standard of living improves and the causes of land degradation and deforestation, which are major sources of GHG emissions, recede.
",generic,ambiguous,
"As specified in its charter, the CRS G Committee reviews and provides guidance with respect to NIKE’s corporate Purpose, including corporate responsibility, sustainability, human rights, global community and social impact, and diversity, equity and inclusion.
",ambiguous,generic,
"Transparent processes and systems to help ensure suppliers uphold standards on environmental, social, and ethical business practice issues.
",specific,ambiguous,
"The Committee assists our Board in overseeing the company’s environmental, social, legislative, regulatory and public policy matters, including progress against our science based emissions reduction target.
",specific,generic,
"NIKE offers a range of benefits to support the emotional, physical and financial well being of our teammates and their families.
",generic,notESG,
"Acquired 1,500 EV charge points in Singapore Established a joint venture with China Three Gorges Corp. to install 11,000 fast EV charge points in China.
",ambiguous,specific,
"With such positive results, we announced an expanded goal to hire an additional 500 qualified refugees over the next three years.
",notESG,specific,
"A commitment to support partner companies concerned by the site's conversion, representing the equivalent of 200 full time jobs.
",generic,notESG,
"Finally, we assess how chemicals are used, including the volumes, types of application and availability of safe alternatives, to help us set realistic targets for the future.
",specific,ambiguous,
"In cases where shifts in scope, methodology and or data quality have led to changes in previously reported performance results, we’ve restated historically reported results.
",notESG,ambiguous,
"This includes 4 Mt of emissions from CCGT power plants following the implementation of the Com pany’s new strategy in electricity to have flexible generation capacity the decline for operated oil gas activities actually came to 30%.
",ambiguous,specific,
"We continue to progress toward net zero emissions globally by 2050, transforming our business to be more resilient.
",specific,ambiguous,
"This metric is part of Management’s Assertion on select sustainability metrics, which PwC has performed limited assurance over for the period from June 1, 2021, to May 31, 2022, as indicated in the Report of Independent Accountants.
",generic,notESG,
"Ipieca, the global oil and gas association for advancing environmental and social performance across the energy transition, defines important topics as those that, in the view of management and external stakeholders, have the potential to significantly affect ESG performance and stakeholder awareness, assessments or decisions.
",ambiguous,generic,
"Median earnings for hourly employees is based on total earnings for total hours paid and includes the impact of overtime, shift premiums, and gratuities.
",specific,notESG,
"As a leading provider of online travel and related services, we recognize that the travel and tourism industry in general and our work across the industry through our brands may impact human rights.
",generic,ambiguous,
"Our participation helps us understand and implement measures to do our part in preventing human rights violations linked to sport and major events.
",notESG,ambiguous,
"Our cross functional Sustainability Steering Committee, chaired by our Chief Sustainability Officer, advises on key issues and guides the integration and implementation of Pfizer’s non financial reporting related to ESG. This Committee is overseen by a dedicated Executive Sustainability Committee, chaired by the Executive Leadership Team member leading Corporate Affairs, who reports directly to the Chairman and CEO.
",ambiguous,specific,
"Those risk assessments are regularly updated for all of our sites.
",notESG,ambiguous,
"In fiscal 2022, more than 140 million ( 60%) of our charitable giving was directed to programs that support Asian American and Pacific Islander, Black and African American, Hispanic and Latino, Native American and Indigenous, and multicultural communities, as well as women, veterans, People with Disabilities, and LGBTQIA individuals.4 Through impactful collabor ations and strategic community investments, we are helping to advance authentic representation in media and entertainment (e.g., the Pillars Muslim Artist Database) drive economic opportunity, access, and equity in the business communities in which we operate (e.g., Out Equal, RespectAbility) create inclusive and respectful entertainment experiences (e.g., sensory accessible movie screenings with Exceptional Minds) and empower future generations of storytellers and innovators (e.g., Ghetto Film School, Hispanic Scholarship Fund, Asian Pacific Islander American Scholars, American Indian College Fund).
",specific,notESG,
"The figure for 2021 (77) is an improvement over 2020 and very close to our all time low.
",ambiguous,notESG,
"The inclusion of information in this report should not be construed as a characterization regarding the materiality or nancial impact of that information.
",ambiguous,notESG,
"Emissions data is calculated using primary activity data, extrapolated consumption, and publicly available CO2e emissions factors.
",specific,ambiguous,
"National Content Guidelines, Strategies and Best Practices: This document contains the key elements of a national content strategy and plan, models and tools for the successful development of national content and roles and responsibilities at the corporate, country and project levels.
",generic,notESG,
"McDonald’s China has digitalized tiered food safety learning and conducted annual certification with all company employees (including office staff) for the past eight years.
",specific,notESG,
"The employment level for women in the US fell 18 percentage points between February and April 2020, dropping 3 .7 percentage points more than the employment level of their male counterparts .
",specific,notESG,
"These efforts are aimed at creating sustainable solutions and making a positive impact on food security worldwide.
",notESG,generic,
"The debate over climate and energy sometimes inspires contradictory demands.
",ambiguous,notESG,
"In fiscal 2022, our disaster relief support included Hurricane Ian recovery efforts, addressing the impacts of wildfires in Argentina, supporting children and families in Ukraine, and providing short term monetary assistance to employees experiencing hardships including those impacted by Hurricane Ian through the Employee Relief Fund.
",notESG,specific,
"Authority to pilot a certified skills training program for workers in the informal waste collection sector.
",ambiguous,notESG,
"While we have a mature compliance program, we are always focused on continuous improvement, by making compliance guidance more relevant, risk based, timely, easy to use, and employee focused.
",ambiguous,notESG,
"Product that is not eligible for Nike Refurbished still has a chance at a second life too, as we partner with donation consolidators, such as Good360, to donate gently worn footwear to local communities in need.
",specific,notESG,
"Our cross functional Sustainability Steering Committee, chaired by our Chief Sustainability Officer, advises on key issues and guides the integration and implementation of Pfizer’s non financial reporting related to ESG. This Committee is overseen by a chartered Executive Sustainability Committee, chaired by the Executive Leadership Team member leading Corporate Affairs, who reports directly to the Chairman and CEO.
",generic,specific,
"Our strategy for reaching this goal is focused on minimizing waste generation, increasing reuse and recycling, and recovering energy from waste that can’t be prevented, reused or recycled at this time.
",specific,ambiguous,
"With the return to workplace at our headquarters (HQs) around the world, we were challenged to reintroduce and strengthen sustainable behaviors.
",generic,ambiguous,
"One key to innovating our Happy Meal is finding ways to make items with simpler ingredients.
",generic,notESG,
"To attract and retain representative talent at the executive level, we invest in talent development programs like the Black Talent Network, which launched in 2020.
",specific,notESG,
"Examples of this include transition to renewable energy, use of alternative fuels, and energy efficiency through new equipment and processes, such as HFC free equipment, as well as through reducing the environmental footprint of buildings and facilities across their life cycles.
",generic,ambiguous,
"Monitoring the science and health standards related to air quality.
",ambiguous,notESG,
"Our Global Happy Meal Goals span various facets of nutrition and marketing.
",notESG,generic,
"We understand water challenges are different in each region, so we are focused on doing what matters most locally, where the challenges are greatest.
",ambiguous,generic,
"McDonald’s recognizes that its investors rely on companies’ transparent disclosures about how they manage human rights in their company, their operations and their supply chains to make investment decisions.
",generic,ambiguous,
"We subsequently incorporated Mexico into the goal scope, as Keybridge was already monitoring its progress and it allowed us to maintain tracking against 20 markets.
",specific,notESG,
"Significant interruptions to business operations and performance.
",notESG,generic,
"We also conducted annual independent, third party food safety audits of our suppliers to verify their compliance with our strict food safety and quality standards.
",specific,notESG,
"In the Philippines, we are partnering with Save Philippine Seas on a campaign to find and scale community based plastic waste solutions.
",specific,ambiguous,
"We are currently working to develop site specific emissions reduction plans to achieve our near term (2030) and Net Zero (2040) targets.
",specific,ambiguous,
"Environment and Safety, is reported for ExxonMobil operated assets only.
",notESG,specific,
"Active Modoo takes a child centered approach and offers fun, physical activities to children ages 7 12 by providing positive coaching skills to professional coaches and teachers as well as parents and NIKE employees.
",specific,notESG,
"ExxonMobil also produces a Report on Lobbying, which lists all U.S. organizations of which ExxonMobil or its affiliates are members, membership fees and portions used for lobbying, along with amounts.
",specific,notESG,
"Developing transport and storage projects  In Norway, the Company, together with Equinor and Shell, launched Northern Lights, the first large scale carbon transport and storage project.
",specific,ambiguous,
"Oversight and ownership at this level help ensure the company’s sustainability initiatives are aligned with and are a core component of the overall business strategy.
",ambiguous,generic,
"We worked with a minority owned training and consulting company to facilitate a diverse supplier training program, The Academy.
",ambiguous,notESG,
"The Company will devote half of its investments to maintaining and adapting its upstream and downstream oil operations and the other half to growth in production and energy sales: 20% for LNG, 25% for renewables and electricity and 5% for new molecules (bio fuels, biogas, hydrogen and e fuels).
",generic,specific,
"Committee approved DEI links to executive compensation as part of the annual incentive for our executive officers, which will help drive our 2030 DEI aspirations.
",notESG,ambiguous,
"To make our ambition concrete, Real Impact is grounded in three signature initiatives.
",ambiguous,generic,
"A transition away from fossil fuels may result in volatile energy and fuel prices.
",generic,ambiguous,
"Pfizer Foundation: Proceeds from the March 2020 Sustainability Bond are being used to support the company’s work to increase access to Pfizer’s medicines and vaccines, especially among underserved communities, and strengthen healthcare systems.
",ambiguous,specific,
"Many of our ethics and compliance policies have their own internal online home, and employees are invited by our Chief Ethics Compliance Officer in company wide communications to access frequently asked questions, one page learning aids, and optional mini training modules .
",ambiguous,notESG,
"Emissions associated with incomplete gas combustion, based on a standardized estimate of 2% of volumes flared.
",specific,ambiguous,
"However, we can compare to a global benchmark for a subset of our Inclusion Index (four out of six items).
",notESG,ambiguous,
"Our wholly owned and majority owned subsidiaries generally adopt policies similar to our foundation policies and provide similar training.
",notESG,ambiguous,
"We are continuing to replace older efficiency and the use of hybrid and equipment with hydrofluorocarbon electric vehicles across the system.
",ambiguous,specific,
"By engaging with underrepresented groups, we were able to develop more targeted programming to increase experience of inclusion and belonging.
",ambiguous,notESG,
"Currently 29% of our suppliers by spend have or have committed to develop GHG emis sions reduction targets approved by the SBTi.
",specific,ambiguous,
"As part of ExxonMobil’s approach to enterprise risk management, higher consequence process safety risks and risk management strategies are stewarded by the company’s Management Committee.
",generic,notESG,
"Indicator developed in 2018, with 2015 as the baseline year.
",specific,notESG,
"Pfizer maintains a focused Modern Slavery program as described in our Modern Slavery Statement which outlines our management approach in our supply chain and our operations.
",notESG,specific,
"Valuing Water Finance Initiative to drive investor leadership on valuing water and to broaden investors’ perspective on the role that water plays in many industries’ value chains.
",generic,ambiguous,
"Remaining facilities are on track to be onboarded by the end of 2024.
",specific,ambiguous,
"Company leased fleet vehicles for use by employees in other geographies are not included in reporting at this time.
",ambiguous,notESG,
"Scope 3 (commercial air travel) data used to report GHG emissions from transporting our employees is obtained from reports provided by third parties which includes number of flights and distance data.
",specific,ambiguous,
"For example, in the U.S., we are investing 3.5 million in Community Impact grants in the city of Chicago targeted to Black and Latino youth.
",specific,notESG,
"The sharp rise in sales of electricity (a twentyfold increase over the 2015 2030 period) will make it possible to decarbonize the Company’s energy mix without adding indirect Scope 3 emis sions (Category 11).
",specific,ambiguous,
"Our ambition is to remove barriers to positively change the culture of sport, with a lens toward tomorrow.
",notESG,generic,
"Through our volunteering and giving efforts, our brands continued to address those needs.
",ambiguous,notESG,
"We support local employment initiatives and cultural heritage programs through local content development and strategic community investments.
",generic,notESG,
"In order to continue to be eligible for our Supplier Achieving Excellence program, they began calculating and estimating additional CO2e emissions like Scope 2 and some Scope 3 categories in 2023.
",specific,ambiguous,
"Estimation Methodology NIKE works with project implementation partners and third party engineering firms to quantify volumetric benefits from the water restoration projects.
",specific,ambiguous,
"The output may be reused for polymerisation into new plastics for the production of other chemicals or as an alternative fuel.
",notESG,ambiguous,
"In 2021, Uber moved 4 million pounds of food, water, PPE, and other essential supplies to communities in distress .
",specific,notESG,
"We screen potential suppliers across compliance areas such as sanctions, anti corruption and human trafficking using third party information.
",ambiguous,specific,
"For example, several former apprentices now are factory managers, the top position at our global manufacturing facilities in Horizontina and Catal o.
",specific,notESG,
"In addition, the project facilitated enhanced wetland fringe vegetation growth and improved habitat for a range of species, resulting in feral animal control and increased sightings of critically endangered fauna, such as the plains wanderer, a vulnerable ground dwelling bird.
",notESG,specific,
"Information regarding some known events or activities in 2022 are also included.
",generic,ambiguous,
"Travel Sustainable program for accommodations live on Booking.com, Agoda, KAYAK and Priceline.
",generic,notESG,
"We believe that product donations play an important role in relief and humanitarian emergencies.
",generic,notESG,
"A breakdown of the specific allocation of funds can be found in the table below.
",ambiguous,notESG,
"NIKE is also working to push suppliers in the supply chain to reduce the use of Dimethylformamide (DMFa).
",specific,ambiguous,
"The Company has made a firm commitment to embracing dig ital technology at its sites as a driver in improving energy per formance.
",generic,ambiguous,
"For the purposes of this goal, Europe includes Austria, Azerbaijan, Belarus, Belgium, Bosnia Herzegovina, operated by the Company and its Franchisees that use palm oil.
",notESG,ambiguous,
"We are pursuing this goal, which represents about 20% of our virgin plastic use, through more than 150 lightweighting projects and advancements on use of recycled and renewable materials.
",ambiguous,specific,
"In order to assess a wider scope of risks, both transitional and physical, we assessed the climate risks and opportunities under three scenarios: 1.5 C transition risk (IEA Net Zero) 2.6 C transitional and physical risk (IEA STEPS) and 4 C physical risk (IPCC RCP 8.5).
",specific,ambiguous,
"Micromobility including bikes and scooters is particularly well suited for short trips within dense environments .
",specific,notESG,
"TotalEnergies sup ports an introduction to theater program initiated by Th tre de la Colline that gives high school students in Nantes, Stras bourg, Reims and Paris an opportunity to pair up and partic ipate in a shared artistic experience.
",specific,notESG,
"See our Definitions of Deforestation section for more details on how these are defined.
",specific,notESG,
"Verification of the 2022 GHG data will be completed in 2023.
",specific,ambiguous,
"In certain markets, we’ve achieved a cage free egg supply chain.
",notESG,specific,
"In order to achieve this goal, we continue to leverage partnerships with global gender experts, including long standing relationships with the International Center for Research on Women (ICRW) and the International Finance Corporation (IFC).
",ambiguous,specific,
"Our corporate and ExxonMobil Foundation contributions support a range of programs, including three key areas of concentration: combating malaria, promoting education (in particular STEM education) and supporting women’s economic empowerment.
",ambiguous,generic,
"Over 10 years of collaboration with The Home Depot and Future Foam, we have collectively recycled 58 million pounds of waste.
",notESG,specific,
"As of June 2022, Uber Comfort Electric is available in Los Angeles, San Francisco, San Diego, and Dubai, and we plan to expand to other cities over the course of 2022 .
",specific,notESG,
"This results in certain products being listed that are not actively marketed.
",notESG,ambiguous,
"In addition to Company employees, the over 2 million individuals who work in McDonald’s franchised restaurants around the world are critical to our success, enabling it to drive long term value creation and further its purpose and mission.
",ambiguous,notESG,
"In addition, in a recent Ethics Perception survey, 85% of our employees stated that they have a positive perception of the company ethics culture a 4% improvement over 2019 survey results.
",ambiguous,notESG,
"Obtained new licenses to develop low carbon natural gas projects concerning low carbon LNG in Oman.
",specific,ambiguous,
"A global, cross functional team of subject matter experts is critical to the execution of John Deere’s strategic priorities.
",generic,notESG,
"In 2022, we joined the International Telecommunication Union’s Partner2Connect Digital Coalition initiative, a multi stakeholder platform that mobilizes resources, partnerships, and commitments to foster meaningful connectivity and digital transformation globally, in the hardest to connect communities.
",ambiguous,notESG,
"Today, National Geographic Partners a joint venture between The Walt Disney Company and nonprofit National Geographic Society continues this legacy.
",generic,notESG,
"We’re seeing a huge surge in demand for more responsible apparel, and that’s exciting because there’s a lot we can do.
",notESG,generic,
"We seek opportunities to design new facilities or renovation projects with reduced environmental impact (such as energy consumption, water usage, and waste management) so we can reduce resource demand.
",ambiguous,specific,
"We are proud to work through established non governmental organizations with expertise in managing product donations in connection with humanitarian emergencies.
",generic,notESG,
"When product is no longer deemed sellable but still has a functional life or when unforeseen events impact our communities we work with consolidator nonprofit organizations like Good360, Soles4Souls, Good Sports and Delivering Good to help deliver product where it’s needed, in a responsible manner.
",notESG,ambiguous,
"We aim to integrate this understanding into operational practices and project design, which includes adding technology applications focused on water management.
",generic,ambiguous,
"TotalEnergies allocated 100 million to CCS research and projects in 2021, and by 2030 it expects to be expanding storage capacity by around 10 Mt annually.
",generic,specific,
"In addition, we work to amplify the voices of our customers.
",ambiguous,notESG,
"In 2021, 99% of the Company’s LNG sales went to countries that have committed to carbon neutrality.
",notESG,specific,
"To protect the security, confidentiality, and integrity of user data, we’ve built a robust information security program that is based on the industry recognized ISO 27001 2 framework and includes written policies, processes, and standards designed to protect and secure Uber’s data environment .
",specific,notESG,
"Therefore, references to currently, to date or similar expressions reflect data and information as of December 31, 2022.
",specific,notESG,
"We look to catalyze sustainable travel growth through industry collaboration, by helping to develop and support a unified approach toward sustainability.
",ambiguous,generic,
"Additional information on workforce and Supply Chain Management can be found in our Investing in People report, and Supply Chain Management, respectively.
",generic,ambiguous,
"Signed agreement with Siemens Energy to reduce LNG emissions.
",specific,ambiguous,
"As an example, because of patient privacy laws, data constraints, and contractual obligations, we have used shipping data, financial performance, and third party reports to determine patient counts in support of our KPI measuring the number of patients treated.
",specific,ambiguous,
"One year later, we are publishing this Sustainability Climate 2022 Progress Report to show how our ambition is reflected in the deployment of our strategy and in our investment decisions, as well as to share our 2021 achievements, which demonstrate and stake out the path of our transformation for meeting our 2030 objectives and our ambition of getting to net zero by 2050, together with society.
",ambiguous,generic,
"Supplemental guides are made available to our licensees and vendors to help them work with their facilities on program compliance.
",generic,ambiguous,
"The Coca Cola Foundation to advance their the vision of a World Without Waste a reality. have an active role as a Co Chair of the Coalition’s collection, recycling and education projects.
",ambiguous,generic,
"In addition, we have joined the Science Based Targets initiative and the Climate Pledge, committing to net zero emissions by 2040 .
",specific,ambiguous,
"Held an Employee Resource Group (ERG) Leadership summit.
",specific,notESG,
"As of the end of FY22, 63 facilities were enrolled in this remediation program.
",notESG,specific,
"Our aim is to support public, private and non profit sectors in developing effective policies and programs to incentivize greater implementation of and investment in NBS because water is at the nexus of many goals, including protecting habitats, increasing biodiversity, sequestering carbon and promoting community resilience in the face of changing weather patterns.
",ambiguous,generic,
"ABC News coverage and on air mentions across our networks drove thousands of viewers to UNICEF’s website, raising more than 3 million in a few weeks.
",specific,notESG,
"To honor the legacies of John Deere and the John Deere Foundation, we must constantly challenge ourselves to nd new ways to give more, and give more effectively, to the communities we proudly serve.
",generic,notESG,
"Zealand, Poland, the U.K. and the U.S., which represented our top 10 beef sourcing countries and accounted for over 80% of our global beef supply chain sourced from compliant fisheries as new facility options have become available.
",generic,ambiguous,
"To date, there is no generally accepted industry definition of sustainable.
",generic,notESG,
"This journey requires ongoing determination, and we are committed to developing lasting change through sustainable and measurable actions.
",ambiguous,generic,
"Includes NIKE owned manufacturing facilities and related facilities that are the primary producers of NIKE air units.
",ambiguous,specific,
"Costs relating to property protection and supply chain management are annualized, expected to be incurred annually and are incorporated into existing budgets.
",notESG,specific,
"The remit of the Executive Compliance Committee includes oversight of healthcare quality and compliance business ethics quality and integrity in the discovery, development, manufacturing, and delivery of vaccines and medicines responsible product marketing third party risk management EHS and compliance with anti bribery anti corruption, transparency, product promotion, and other applicable laws and regulations.
",notESG,generic,
"Water Directorate to improve water access and quality and to reduce water losses in Iraq.
",specific,notESG,
"The chart above depicts the various ways in which the Board committees have sustainability related topics in their activities.
",ambiguous,generic,
"This approach is rmly linked to our mission for employees to choose their own path and build their own capabilities by gaining the necessary experience, skill building opportunities, career planning, and leadership development necessary to map out a successful future at Deere.
",generic,notESG,
"High priority regions are defined as countries, biomes, municipalities, postcodes or farms plantations that are identified as areas where deforestation occurs or is projected to occur as determined through regular assessments that rely on the latest supply chain data and trends.
",ambiguous,specific,
"Over 90% of NIKE footwear and apparel is made by factory groups that we have worked with for over 15 years.
",generic,specific,
"To realize this, we are using our reach to encourage millions of kids to eat more fruit and vegetables.
",notESG,generic,
"Successful project execution requires deep insights into the environmental and socioeconomic characteristics of the areas where we operate.
",generic,ambiguous,
"We place particular focus on areas where we are uniquely positioned to make a meaningful, measurable impact.
",ambiguous,generic,
"We have improved our sustainability disclosures to increase transparency and strengthen relationships with stakeholders.
",generic,ambiguous,
"In fiscal 2022, we continued to have approximately 100% of food and beverage advertising on our owned and controlled media platforms oriented to kids and families meet our Nutrition Guideline Policy.
",specific,notESG,
"TotalEnergies has decided to take only proved reserves into account for impairment test ing on these two assets contrary to general practice which considers proved and probable reserves and to approve no new projects for increasing the capacity of these Canadian oil sand assets.
",generic,specific,
"The program is showing signs of success 10 suppliers that we sponsored, who successfully completed the program, have since set or committed to setting their own SBTi approved emissions targets.
",specific,ambiguous,
"Core to IOL’s strategy for collective success and delivering value is advancing social innovation and engagement by meaningfully supporting and contributing to local and Indigenous communities.
",notESG,generic,
"With a shared vision to inspire the next generation and give kids more access to sport, we worked closely with Bebe Vio, Ebrar Karakurt, Ramla Ali, Giannis Antetokounmpo, John McAvoy and Rudy Gobert to develop and support seven programs directly impacting the lives of 6,000 kids from marginalized communities.
",specific,notESG,
"We have engaged with hundreds of advocacy organizations worldwide, including women’s safety groups, road safety organizations, and crime prevention organizations to ensure that we incorporate their perspectives and follow best practices .
",generic,notESG,
"We’re committed to improving the lives of our people, our industry and the planet by putting our customers and employees first, sourcing quality food, reducing waste impact and expanding job opportunities around the world.
",ambiguous,generic,
"The following pages include a few examples of Uber’s contributions to the goals, with an emphasis on our contributions in 2021 and the early part of 2022 .
",specific,ambiguous,
"Review of affiliations based on six key principles  Scientific position: TotalEnergies recognizes the link established by science between human activities, in particular the use of fossil fuels, and climate change.
",specific,generic,
"We’re now able to more accurately align materials attributes (by process) to individual Higg process level data.
",ambiguous,specific,
"Pfizer continues to take decisive steps to improve diversity in our trials and share our insights with others.
",generic,ambiguous,
"Partnered with Veolia to develop CO2 based microalgae cultivation to produce next generation biofuels recycled plastics in automobiles.
",generic,ambiguous,
"Diverse perspectives from internal and external stakeholders inform our ESG strategy and priorities.
",ambiguous,generic,
"The Accord is a first of its kind, comprehensive initiative focused on helping increase access to medicines and vaccines for 1.2 billion people living in 45 lower income countries that have historically been most vulnerable to healthcare inequalities.
",specific,notESG,
"Creating equitable playing fields and breaking down societal barriers for all athletes diverse athlete endorsements increase access to sport.
",notESG,generic,
"Based on this, we recognize action is needed throughout our value chain to help address the complex threat of climate change.
",generic,ambiguous,
"Ethical and transparent corporate behavior by combatting dishonest or fraudulent conduct by those in power, typically involving bribery, corruption and intellectual property infringement.
",specific,notESG,
"As we continue to invest in renewable energy, several sites are using solar photovoltaics as an important strategy lever for reducing emissions and managing cost.
",specific,ambiguous,
"We recognize global climate change as one of the defining issues of our time requiring collective action to mitigate the risks it poses such as increased adverse impacts on human health and decreased access to critical medicines and vaccines due to disruptions in value chains caused by the greater frequency of severe weather.
",ambiguous,generic,
"We have been able to significantly improve the frequency and maturity of our data quality (validation) reviews.
",specific,notESG,
"If the organization spends a majority of their efforts on these communities, we count the entire grant, and if the organization does not spend a majority, we count a proration of the grant.
",specific,ambiguous,
"Each element of OIMS contains overarching objectives and expectations.
",ambiguous,generic,
"During 2021, the number of women working on the Uber platform in the US nearly doubled and surpassed pre pandemic levels .
",notESG,specific,
"More than 400,000 travel provider partners have met the criteria to be awarded the Travel Sustainable badge.
",specific,notESG,
"Throughout 2022, we donated 20 million to RMHC as part of our five year, 100 million commitment.
",notESG,specific,
"The Trust Protocol will allow cotton growers to access markets for sustainably grown cotton and leverage eld practice data they collected in Operations Center to minimize duplicative data entry.
",notESG,ambiguous,
"For more than two decades, TotalEnergies has articulated a Code of Conduct that, over the years, has been revised to reflect international ethics standards.
",notESG,specific,
"ExxonMobil strives to create effective collaborations with its stakeholders our workforce, suppliers and customers, and the communities around the world where we operate.
",notESG,generic,
"Across more than 30 lessons, the training covers resilience, teamwork, communication, self awareness and respecting others.
",specific,notESG,
"Extended Producer Responsibility regulation embracing circularity.
",ambiguous,generic,
"The councils will identify initiatives that reflect diversity in communities which have direct links to our DEI strategy.
",notESG,ambiguous,
"Enhancing opportunities for the worker voice across our System is important to McDonald’s.
",ambiguous,generic,
"This scope excludes noncontrollables (taxes, utilities, rent, aircraft fuel, airport fees, facility leases, donations, bank fees and subscriptions).
",specific,notESG,
"Global: We have engaged with hundreds of advocacy organizations worldwide, including women’s safety groups, road safety organizations, and crime prevention organizations to ensure that we incorporate their perspectives and follow best practices .
",generic,notESG,
"The Company proposes integrated financial solutions.
",ambiguous,notESG,
"Our approach to local supplier development and utilization includes purchasing goods and services from local suppliers and building their capabilities to help create a competitive local industrial base.
",notESG,generic,
"We have worked with material and chemical suppliers to trial DMFa alternatives, and are impressed by the amount of innovation in this space.
",specific,ambiguous,
"As such, we are committed to the delivery of NDPE (no deforestation, no expansion on peat and no exploitation) in palm oil production.
",generic,specific,
"We awarded 1,900 work study contracts in 2021, and have employed more than 8,000 work study students since 2016.
",specific,notESG,
"Disney also collaborates with community organizations to create opportunity around the world through charitable giving and strategic endeavors.
",generic,notESG,
"Environmental performance is an important consideration in our commercial decisions.
",ambiguous,generic,
"As concerns about systemic racism and youth mental health escalated in the past few years, the life skills curriculum was expanded to include modules on cultural diversity and self advocacy self care.
",specific,notESG,
"We recognize the connection between our social license to operate and functional, resilient water infrastructure.
",generic,ambiguous,
"By 2050, under a high emissions scenario, eight of the 40 manufacturing and research and development sites assessed during the scenario analysis are shown to be at a high risk of extreme heat.
",ambiguous,specific,
"This report has been prepared in accordance with the Global Reporting Initiative (GRI) Standards.
",notESG,specific,
"We maintain a global Supplier Code of Conduct in the spirit of the United Nations Guiding Principles on Business and Human Rights, the United Nations Universal Declaration of Human Rights, and the International Labour Organization Declaration on Fundamental Principles and Rights at Work that sets forth the expectation for suppliers working on our behalf to comply with all laws and to act ethically and with integrity at all times .
",generic,specific,
"The following index maps our disclosures to certain SASB indicators.
",generic,specific,
"Unless otherwise stated, in this report finished beverages is based on global sales volume.
",specific,ambiguous,
"We also undertake process enhancements within our product manufacturing to increase efficiency and reduce the number of process steps and resources required.
",specific,generic,
"This initiative launched by the World Economic Forum and now hosted by the World Resources Institute aims to speed the transition to a more circular economy.
",notESG,generic,
"To ensure audits are robust, we host calibration sessions with our approved third party auditing firms.
",specific,notESG,
"European Commission, Sustainable use of nutrients, https: agriculture.ec.europa.eu sustainability environmental sustainability low input farming nutrients_en : :text As%20part%20of%20the%20 Farm%20to%20Fork%20strategy,reduction%20in%20fertiliser%20use%20of%20at%20least%2020%25 (2023).
",notESG,ambiguous,
"This product, which would have otherwise been recycled or destroyed, benefits the community by serving the highest need, closest to source.
",notESG,specific,
"Giants or Peque os Gigantes campaign in Latin America to encourage consumers to buy from their local store or market.
",generic,notESG,
"This program started as a collaboration between the Fair Labor Association (FLA) and the Institution of Occupational Safety and Health (IOSH).
",ambiguous,notESG,
"Coca Cola Beverages Africa recently expanded its approach to promoting economic inclusion across its value chain to include under served women, youth and persons with disabilities.
",specific,generic,
"Identified climate risks and opportunities are assessed and ranked, based on the expected impact and likelihood.
",specific,ambiguous,
"To integrate sustainability into our practices, ExxonMobil leverages existing stewardship and purchasing processes and systems.
",ambiguous,generic,
"For more about our approach to risk management and priority issues, see Priority Topics.
",notESG,generic,
"Expanding the Operations Center to The Wirtgen Group’s equipment unlocks valuable insights for our roadbuilding customers.
",generic,notESG,
"The program elected executive sponsors to champion the initiative and serve as vocal leaders of the program.
",generic,notESG,
"Through our work, we have learned that NBS projects often have multiple co benefits, such as better water quality, carbon sequestration, increased climate resilience, and enhanced richness and variety of life of natural habitats (biodiversity).
",ambiguous,generic,
"The table below provides examples of the climate risks and opportunities identified over the short, medium and long term as well as our approach and mitigating actions that support our overall climate commitments and targets.
",specific,ambiguous,
"The assessment is carried out every three years and reviewed for any material changes annually.
",specific,notESG,
"As part of OIMS, ExxonMobil monitors the performance of joint ventures and assets operated by others consistent with our expectations and encourages them to consider improvements as appropriate.
",generic,ambiguous,
"Rides: Rides in electric taxis or public transportation.
",ambiguous,notESG,
"Our Supplier Code of Conduct provides our suppliers with guidance around operating ethically .
",notESG,specific,
"Our commitment to respecting human rights is de ned in our Code of Business Conduct, Supplier Code of Conduct, Dealer Code of Conduct, and John Deere’s Support of Human Rights in Our Business Practices.
",generic,specific,
"In FY22, we strengthened existing partnerships with third party experts who help suppliers address the root causes of non compliance though remediation and training programs.
",specific,ambiguous,
"The first step is to avoid any impacts wherever possible.
",specific,generic,
"These advanced biofuels will add to the range of first generation biofuels.
",generic,ambiguous,
"Examples of local market successes have equipped us with important learning that we can use to build on this progress and scale the successful efforts we saw.
",notESG,ambiguous,
"Since we set this target in FY20 and started measuring impact, we have already seen substantial improvements in the rate of supplier lost time injuries per worker.
",ambiguous,specific,
"Company employees and Company owned restaurants are in our direct sphere of control.
",ambiguous,notESG,
"Before FY22, NIKE calculated EOL impacts of NIKE product based on the number of units produced, regardless of material type, and utilized an aggregated EOL carbon impact emission factor from the EPA’s Waste Reduction Model (WARM).
",ambiguous,specific,
"Reformulated the ketchup and mustard in Brazil to contain no artificial preservatives.
",notESG,specific,
"In 2021, the Board of Directors defined TotalEnergies’ ambi tion and 2030 objectives for sustainable development and the energy transition toward net zero, together with society, and presented them to our shareholders so they could voice their opinion.
",specific,ambiguous,
"A lower availability of water may heighten potential financial risk for Pfizer by increasing water costs, and or reducing revenue due to production shutdowns.
",ambiguous,specific,
"This mapping, which we aim to complete by the end of 2025, will help determine how we engage with suppliers to drive continuous improvement.
",generic,ambiguous,
"In 2022, we launched a Chicago based investment strategy supporting local communities, including a 3.5 million investment with 40 local nonprofit organizations.
",notESG,specific,
"In the near term, NIKE intends to focus on cotton and polyester supply chains to reduce our dependence on higher impact versions of important fabrics.
",specific,ambiguous,
"We also educate medical organizations about the latest research on our medicines and vaccines, our pipelines, and ways to access our products.
",ambiguous,notESG,
"In addition, Shinkai stated, When we talk about conservation, we’re already thinking in the medium to long term.
",generic,ambiguous,
"Plastics play a vital role in reducing greenhouse gas emissions and enabling modern life.
",generic,notESG,
"As used in this report, the terms material, materiality, immaterial, substantive, significant and other similar terminology are not used, or intended to be construed, as they have been defined by or construed in accordance with the securities laws or any other laws of the United States or any other jurisdiction or as they are used in the context of financial statements and financial reporting.
",ambiguous,notESG,
"Direct Response Omission Statement: The organization considers the data confidential and thus cites confidentiality constraints’ as our reason for omission.
",generic,notESG,
"Acquired a 20% interest in Hysetco, operator of an H2 taxi fleet in Paris.
",specific,notESG,
"In addition, each of our brands has its own management team that includes a Chief Executive Officer, Chief Financial Officer and General Counsel, and we leverage knowledge and experience across our brands through ongoing collaboration, regular calls, quarterly business reviews and updates to the Board.
",generic,notESG,
"Freedom of association and effective recognition of the right to collective bargaining.
",generic,notESG,
"Additionally, we collaborate with industry peers at regional and local levels to scale collective action in responsible marketing pledge programs.
",notESG,ambiguous,
"The Compensation Committee has responsibility for the executive compensation program, which includes approving the compensation of our executive officers, overseeing executive diversity, pay equity, inclusion, recruiting, retention, career development and succession planning (in collaboration with the Governance Sustainability Committee).
",generic,notESG,
"Water consumed throughout NIKE’s value chain monitoring and or mitigating our impacts in water scarce regions.
",generic,ambiguous,
"Hiring locally helps us meet our staffing needs and advances local economic development and education.
",generic,notESG,
"To achieve this, we work closely with our suppliers, through standards like the Supplier Quality Management System (SQMS) and our Distributor Quality Management Process.
",specific,ambiguous,
"Engaging with our value chain and policies as a crtitical tool for achieving outcomes.
",ambiguous,generic,
"Our parks, hotels, and cruise businesses are integrating recycled content fiber into their cast and crew member costumes.
",generic,specific,
"Excludes emissions from consumers traveling to stores.
",specific,ambiguous,
"We manage the risks associated with critical materials as well.
",notESG,ambiguous,
"This usage and strategy places NIKE among the top users of organic cotton globally.
",generic,specific,
"We are committed to providing transparent nutrition information about all of our products, in line with local regulations, so consumers can make informed decisions.
",notESG,specific,
"At the end of FY22, 97% of facilities have used at least one industry tool and the remaining facilities are currently scheduled to transition in FY23 based on industry tool availability.
",specific,ambiguous,
"Government policies to promote carbon neutrality are boosting demand for these renewable products, especially in Europe.
",notESG,ambiguous,
"NIKE has a holistic strategy for achieving this target that focuses on the major drivers of waste.
",generic,ambiguous,
"McDonald’s may display the MSC and used directly as an ingredient in a McDonald’s product and listed on the continue making supply chain improvements to meet our packaging sourcing certification logo in some of its markets, where fisheries and restaurants are product’s ingredient statement.
",notESG,ambiguous,
"Pfizer novel drug approval counts include co developed or acquired assets which may not be listed as distinctly Pfizer assets among FDA data.
",ambiguous,notESG,
"As we implement our global broiler welfare standards, we will establish third party verification to enable continuous improvement.
",notESG,ambiguous,
"All of our sites routinely conduct drills to review and test their pollution control plans.
",notESG,specific,
"Description of actions and initiatives to promote access of the management process to healthcare products.
",ambiguous,notESG,
"We’re helping feed and support people when and where they need it most.
",generic,notESG,
"We survey and map housing structures, gardens, wildlife, sources for nature based products, harvesting areas and other assets to support the development of RAPs and effective livelihood restoration programs.
",ambiguous,specific,
"We collaborate on topics such as technical projects, potential sustainability impacts, community concerns and public policy development.
",ambiguous,generic,
"Agriculture in Egypt faces many challenges, including water scarcity, water pollution, desertification and land degradation.
",generic,notESG,
"For the year, the company gained value share in total nonalcoholic ready to drink beverages, led by share gains in France, Spain and Poland.
",specific,notESG,
"Launched phase 4 of the Mero low cost, low carbon oil.
",generic,ambiguous,
"Developing CO2 storage services Under the scenarios prepared by the IEA, the volume of CO2 captured and stored using CCS processes could total 5 to 7 billion tons annually by 2050, compared to just 40 Mt today.
",specific,ambiguous,
"In FY23, our NIKE internal teams will go through the framework.
",notESG,ambiguous,
"Our support has resulted in the distribution of more than 15.1 million bed nets, 5.6 million doses of antimalarial treatments and 4 million rapid diagnostic kits, as well as training for nearly 900,000 health workers.
",notESG,specific,
"TCFD is a risk reporting framework for businesses to use when disclosing the impact of climate change and climate transitions on their operations .
",notESG,specific,
"Our benefits offering provides market specific choice, gives access to robust mental health and family building programs, and encourages overall employee well being, all with the employee experience at the core .
",generic,notESG,
"These projects include support for nature based solutions such as reforestation, wetland and meadow restoration, as well as irrigation system improvements, invasive species removal and check dam construction.
",generic,specific,
"We continue to make the health and welfare of animals a priority throughout our supply chain.
",notESG,generic,
"Please see our Product Safety Policy to more fully understand our approach to health, safety and environmental management of our products.
",ambiguous,generic,
"The committee is regularly updated by management on Pfizer’s climate action program and progress toward goals.
",generic,ambiguous,
"Please refer to our Nature, Forests Water web page for additional definitions.
",ambiguous,notESG,
"Smart solution adoption targets to deliver more precision and unlock more productivity and pro tability on the jobsite for earthmoving, roadbuilding, and forestry customers.
",ambiguous,notESG,
"In 2022, we launched a Chicago Community Impact Grants Program in partnership with The Chicago Community Trust, investing 3.5 million in grants to 40 neighborhood organizations that are advancing youth opportunity.
",specific,notESG,
"We are diligent about tracking our demographic data and holding ourselves accountable for improving representation of women globally and underrepresented people (URP) in the US year over year .36 That said, incremental gains are not always linear, but in conjunction with our Board of Directors we continue to monitor the indicators and associated progress .
",ambiguous,specific,
"Texas, generated a 75% return rate, and we are exploring expansion capabilities in 2023.
",ambiguous,notESG,
"For example, Pixar is subscribed to 100% renewable electricity through East Bay Community Energy.
",notESG,specific,
"The plan addresses infrastructure and ecosystems, community well being, information management, policy and regulations, finance and planning.
",ambiguous,generic,
"Air CO2 emissions are estimated based on number and distance of trips.
",specific,ambiguous,
"As of FY22, we’ve aligned with the latest version of updated Sustainable Apparel Coalition’s Higg MSI (Higg MSI) lifecycle emission factors.
",ambiguous,specific,
"This analysis included use of benchmarking studies to identify good practices, including incorporation of a comprehensive metering infrastructure facilitating early investigation and action of energy demand changes.
",specific,ambiguous,
"GRI provides a globally recognized framework for companies to measure and communicate their environmental, economic, social and governance performance.
",notESG,generic,
"Joining alliances to decarbonize the shipping industry June 2020: TotalEnergies joins the Getting.
",generic,ambiguous,
"We estimate that, of the 100 GW of renewable electricity we will install by 2030, some 33 GW will be located in emerging or developing countries, providing sustainable energy to around 40 million people, some of whom will never have had decent access to energy.
",specific,ambiguous,
"The unique Product Identifiers developed for serialization will enable the tracking and tracing of product movement through the supply chain, from the manufacturing site to patient dispensation (including Government Systems and Trading Partners) and allows authorized trading partners today to verify the authenticity of our medicines with a simple scan.
",notESG,specific,
"It includes a 75% reduction in methane emissions from the coal, oil and gas industries between 2020 and 2030.
",ambiguous,specific,
"Company employees, who include those in our corporate offices as well as in Company owned and operated restaurants, totaled over 150,000 worldwide as of year end 2022, of which approximately 70% were based outside of the U.S.
",specific,notESG,
"The European soft drinks sector is the only sector to have made an additional sugar reduction commitment under the EU Code of Conduct.
",specific,notESG,
"Throughout each product’s lifecycle, we continuously monitor and evaluate all relevant safety and quality information, including complaints and adverse events.
",ambiguous,notESG,
"We work to avoid or reduce any human rights or socioeconomic risk through comprehensive planning, effective mitigation, monitoring and other measures.
",generic,ambiguous,
"In emerging markets, we advocate for government and civil society to create or lags that of some other materials.
",notESG,ambiguous,
"The Coca Cola Foundation envisions inclusive economies around the world with expanded opportunities for shared prosperity, especially for the communities that face the greatest barriers to advancing their well being.
",notESG,generic,
"NIKE’s products are finished consumer goods and do not undergo any additional processing once sold.
",notESG,specific,
"All volumes of of chicken sourced in North America where soy used in chicken feed is locally contingency items sourced from suppliers compliant with our standards but produced and considered low risk.
",specific,ambiguous,
"For a full description of our goals, read our 2030 Environmental Goals White Paper.
",notESG,generic,
"One Tech : bringing our multi energy technical skills together in one place  In September 2021, 3,400 engineers, scientists and technicians were brought together in a new segment to enhance the Company’s innovation capacity and ability to design and lead large integrated industrial projects by leveraging the teams’ operational excellence.
",specific,notESG,
"In 2021, we held approximately 145 of these sessions with shareholders owning nearly 1.7 billion shares.
",specific,notESG,
"Disney VoluntEARS in the EMEA region packed supplies, prepared food, and created temporary Disney themed playrooms.
",ambiguous,notESG,
"We are planning to scale this program to all of North America in FY23 and allow the framework to inform in store stretch experiences across other geographies.
",notESG,ambiguous,
"We continue to actively engage with evolving international initiatives.
",ambiguous,generic,
"Purchases arranged by our global procurement organization include contract language that requires adherence to all applicable laws and regulations.
",specific,notESG,
"In this way, each new invest ment enhances the resilience of the Company's portfolio.
",notESG,generic,
"The Company will be part of that change, and aims to sell 7 to 8 Mt in 2025.
",specific,ambiguous,
"We expect the same commitment to acting ethically and with integrity from suppliers, as well as from consultants, agents, representatives, and other companies and individuals acting on our behalf, as well as those acting on their behalf (e.g., subcontractors), in connection with work for Pfizer.
",generic,notESG,
"The Company is also a member of the Taskforce on Nature related Financial Disclosures (TNFD) Forum created in 2021, which will define a framework for reporting and measuring corporate biodiversity impacts.
",notESG,ambiguous,
"This is the most extreme climate scenario where emissions are expected to rise and in 2100 a temperature increase is projected of4 C.
",notESG,ambiguous,
"Coalition is supporting the treaty negotiations around the vision of a circular economy in which plastic never becomes waste or pollution, and the value of products and materials is retained in the economy.
",notESG,generic,
"Adapting to these changes while maintaining comparability in our data is critical to instilling integrity and confidence in the validity of the insights the data provides.
",generic,ambiguous,
"NIKE focused on updating life safety programs in FY22 with a focus on occupational health, emergency medical response programs and injury prevention.
",notESG,specific,
"These emissions are associated with washing and drying NIKE’s sold apparel and starting with FY22 data, socks.
",ambiguous,specific,
"We exercise due diligence on an ongoing basis to identify, prevent, mitigate, and account for human rights risks and impacts, and we update our assessment of salient human rights risks as new information becomes available.
",ambiguous,specific,
"Leader status over time. social and economic performance to our agricultural suppliers at the farm level.
",generic,ambiguous,
